<?xml version="1.0" encoding="UTF-8"?>
<project-private xmlns="http://www.netbeans.org/ns/project-private/1">
    <editor-bookmarks xmlns="http://www.netbeans.org/ns/editor-bookmarks/2" lastBookmarkId="0"/>
    <open-files xmlns="http://www.netbeans.org/ns/projectui-open-files/2">
        <group>
            <file>file:/E:/MCA%20SEM-2/WEB%20T%20ALL%20%20PROGRAM/PROGRAM5/web/edit-user.html</file>
            <file>file:/E:/MCA%20SEM-2/WEB%20T%20ALL%20%20PROGRAM/PROGRAM5/src/java/FetchUsersServlet.java</file>
            <file>file:/E:/MCA%20SEM-2/WEB%20T%20ALL%20%20PROGRAM/PROGRAM5/web/add-user.html</file>
            <file>file:/E:/MCA%20SEM-2/WEB%20T%20ALL%20%20PROGRAM/PROGRAM5/web/navbaruser.html</file>
            <file>file:/E:/MCA%20SEM-2/WEB%20T%20ALL%20%20PROGRAM/PROGRAM5/web/WEB-INF/web.xml</file>
            <file>file:/E:/MCA%20SEM-2/WEB%20T%20ALL%20%20PROGRAM/PROGRAM5/src/java/Userservlet.java</file>
        </group>
    </open-files>
</project-private>
