<?xml version="1.0" encoding="UTF-8"?>
<project-private xmlns="http://www.netbeans.org/ns/project-private/1">
    <editor-bookmarks xmlns="http://www.netbeans.org/ns/editor-bookmarks/2" lastBookmarkId="0"/>
    <open-files xmlns="http://www.netbeans.org/ns/projectui-open-files/2">
        <group>
            <file>file:/E:/MCA%20SEM-2/WEB%20T%20ALL%20%20PROGRAM/NetBeansProjects/pro3/web/index.html</file>
            <file>file:/E:/MCA%20SEM-2/WEB%20T%20ALL%20%20PROGRAM/NetBeansProjects/pro3/src/java/fetchdata.java</file>
            <file>file:/E:/MCA%20SEM-2/WEB%20T%20ALL%20%20PROGRAM/NetBeansProjects/pro3/src/java/LoginServlet.java</file>
            <file>file:/E:/MCA%20SEM-2/WEB%20T%20ALL%20%20PROGRAM/NetBeansProjects/pro3/web/user.html</file>
            <file>file:/E:/MCA%20SEM-2/WEB%20T%20ALL%20%20PROGRAM/NetBeansProjects/pro3/web/admin.html</file>
            <file>file:/E:/MCA%20SEM-2/WEB%20T%20ALL%20%20PROGRAM/NetBeansProjects/pro3/web/login.html</file>
            <file>file:/E:/MCA%20SEM-2/WEB%20T%20ALL%20%20PROGRAM/NetBeansProjects/pro3/src/java/secondservlet.java</file>
        </group>
    </open-files>
</project-private>
